{
  "IcoMoonType": "selection",
  "icons": [
    {
      "icon": {
        "paths": [
          "M1007.999 522.971c0-274-222-496-495.999-496s-496 222-496 496c0 248.001 180 454.001 418 489.999v-345.998h-126.002v-144.001h126.002v-108c0-124 74-194 185.999-194 56.001 0 111.999 10 111.999 10v122.001h-61.999c-62.002 0-81.999 37.999-81.999 78v91.999h138l-22.001 144.001h-115.999v345.998c237.998-35.998 419.998-241.998 419.998-489.999z"
        ],
        "attrs": [
          {
            "fill": "rgb(255, 255, 255)"
          }
        ],
        "isMulticolor": false,
        "isMulticolor2": false,
        "grid": 0,
        "tags": [
          "facebook"
        ],
        "colorPermutations": {
          "255255255140167691": [
            {
              "f": 1
            }
          ]
        }
      },
      "attrs": [
        {
          "fill": "rgb(255, 255, 255)"
        }
      ],
      "properties": {
        "order": 4,
        "id": 8,
        "name": "facebook",
        "prevSize": 32
      },
      "setIdx": 0,
      "setId": 14,
      "iconIdx": 0
    },
    {
      "icon": {
        "paths": [
          "M448.6 545.999l-272 272.001c-18.8 18.802-49.2 18.802-67.8 0l-45.2-45.198c-18.8-18.802-18.8-49.203 0-67.8l192.8-192.802-192.8-192.8c-18.8-18.8-18.8-49.2 0-67.8l45-45.6c18.8-18.8 49.2-18.8 67.8 0l272 272c19 18.8 19 49.2 0.2 68z"
        ],
        "attrs": [
          {
            "fill": "rgb(255, 255, 255)"
          }
        ],
        "width": 512,
        "isMulticolor": false,
        "isMulticolor2": false,
        "grid": 0,
        "tags": [
          "fa-solid_angle-right"
        ],
        "colorPermutations": {
          "255255255140167691": [
            {
              "f": 1
            }
          ]
        }
      },
      "attrs": [
        {
          "fill": "rgb(255, 255, 255)"
        }
      ],
      "properties": {
        "order": 5,
        "id": 7,
        "name": "angle-right",
        "prevSize": 32
      },
      "setIdx": 0,
      "setId": 14,
      "iconIdx": 1
    },
    {
      "icon": {
        "paths": [
          "M1082.587 64.1c-109.413 6.22-326.881 28.86-461.131 111.18-9.266 5.68-14.517 15.78-14.517 26.34v727.739c0 23.101 25.217 37.701 46.481 26.981 138.123-69.641 337.882-88.64 436.654-93.839 33.722-1.782 59.936-28.859 59.936-61.32v-675.681c0.020-35.42-30.647-63.48-67.423-61.4zM528.554 175.28c-134.229-82.32-351.697-104.94-461.109-111.18-36.777-2.080-67.444 25.98-67.444 61.4v675.701c0 32.478 26.215 59.559 59.937 61.32 98.811 5.199 298.667 24.219 436.793 93.898 21.203 10.702 46.34-3.879 46.34-26.919v-728.24c0-10.58-5.231-20.28-14.517-25.98z"
        ],
        "attrs": [
          {
            "fill": "rgb(40, 167, 69)"
          }
        ],
        "width": 1170,
        "isMulticolor": false,
        "isMulticolor2": false,
        "grid": 0,
        "tags": [
          "fa-solid_book-open"
        ],
        "colorPermutations": {
          "255255255140167691": [
            {
              "f": 0
            }
          ]
        }
      },
      "attrs": [
        {
          "fill": "rgb(40, 167, 69)"
        }
      ],
      "properties": {
        "order": 6,
        "id": 6,
        "name": "book-open",
        "prevSize": 32
      },
      "setIdx": 0,
      "setId": 14,
      "iconIdx": 2
    },
    {
      "icon": {
        "paths": [
          "M704 192c0-106.040-85.96-192-192-192s-192 85.96-192 192c0 106.040 85.96 192 192 192s192-85.96 192-192zM467.181 482.199c-118.661-72.64-310.861-92.599-407.581-98.099-32.5-1.84-59.6 22.92-59.6 54.181v445.598c0 28.66 23.18 52.56 52.98 54.102 87.32 4.579 263.98 21.358 386.079 82.859 18.742 9.438 40.96-3.42 40.96-23.739v-491.982c-0.020-9.339-4.64-17.9-12.838-22.92zM964.4 384.099c-96.701 5.48-288.92 25.46-407.561 98.099-8.201 5.021-12.82 13.921-12.82 23.262v491.579c0 20.381 22.282 33.26 41.080 23.801 122.081-61.44 298.642-78.219 385.94-82.801 29.801-1.559 52.982-25.46 52.982-54.12v-445.639c-0.020-31.261-27.121-56.022-59.62-54.181z"
        ],
        "attrs": [
          {
            "fill": "rgb(255, 255, 255)"
          }
        ],
        "isMulticolor": false,
        "isMulticolor2": false,
        "grid": 0,
        "tags": [
          "fa-solid_book-reader"
        ],
        "colorPermutations": {
          "255255255140167691": [
            {
              "f": 1
            }
          ]
        }
      },
      "attrs": [
        {
          "fill": "rgb(255, 255, 255)"
        }
      ],
      "properties": {
        "order": 7,
        "id": 5,
        "name": "book-reader",
        "prevSize": 32
      },
      "setIdx": 0,
      "setId": 14,
      "iconIdx": 3
    },
    {
      "icon": {
        "paths": [
          "M995.799 284.2l-92.201 92.199c-9.4 9.4-24.599 9.4-34 0l-222-221.999c-9.4-9.4-9.4-24.6 0-34l92.201-92.2c37.399-37.4 98.199-37.4 135.8 0l120.2 120.2c37.601 37.4 37.601 98.2 0 135.8zM568.399 199.6l-525.2 525.199-42.4 243.001c-5.8 32.8 22.8 61.2 55.6 55.6l243.001-42.601 525.198-525.198c9.4-9.4 9.4-24.602 0-34.003l-222-221.999c-9.599-9.4-24.798-9.4-34.199 0zM248.199 679.798c-11-10.998-11-28.599 0-39.6l308-307.999c11.001-11.001 28.599-11.001 39.6 0s11.001 28.599 0 39.6l-307.999 307.999c-11 11.001-28.6 11.001-39.6 0zM175.999 848.001h96v72.599l-129 22.601-62.2-62.201 22.6-129.001h72.6v96.001z"
        ],
        "attrs": [
          {
            "fill": "rgb(255, 255, 255)"
          }
        ],
        "isMulticolor": false,
        "isMulticolor2": false,
        "grid": 0,
        "tags": [
          "fa-solid_pencil-alt"
        ],
        "colorPermutations": {
          "255255255140167691": [
            {
              "f": 1
            }
          ]
        }
      },
      "attrs": [
        {
          "fill": "rgb(255, 255, 255)"
        }
      ],
      "properties": {
        "order": 8,
        "id": 4,
        "name": "pencil-alt",
        "prevSize": 32
      },
      "setIdx": 0,
      "setId": 14,
      "iconIdx": 4
    },
    {
      "icon": {
        "paths": [
          "M991.999 255.999v32c0 4.243-1.685 8.312-4.684 11.313-3.002 3.002-7.071 4.687-11.314 4.687h-47.999v24c0 13.253-10.746 24-24.003 24h-783.999c-13.254 0-24-10.746-24-24v-24h-48c-4.243 0-8.313-1.685-11.313-4.687s-4.686-7.070-4.686-11.313v-32c0-3.165 0.939-6.26 2.698-8.891s4.259-4.683 7.184-5.893l464-176c3.918-1.622 8.318-1.622 12.235 0l464.001 176c2.926 1.21 5.424 3.261 7.183 5.893 1.761 2.631 2.698 5.726 2.698 8.891zM943.999 863.999h-863.999c-26.51 0-48 21.489-48 47.999v32.001c0 4.242 1.686 8.312 4.686 11.314 3 2.999 7.070 4.687 11.313 4.687h928.001c4.242 0 8.312-1.688 11.314-4.687 2.999-3.002 4.684-7.071 4.684-11.314v-32.001c0-26.51-21.489-47.999-47.999-47.999zM192 384v384h-72c-13.254 0-24 10.746-24 24v40h832.001v-40c0-13.253-10.746-24-24.003-24h-71.999v-384h-128v384h-128v-384h-128v384h-128v-384h-128z"
        ],
        "attrs": [
          {
            "fill": "rgb(255, 255, 255)"
          }
        ],
        "isMulticolor": false,
        "isMulticolor2": false,
        "grid": 0,
        "tags": [
          "fa-solid_university"
        ],
        "colorPermutations": {
          "255255255140167691": [
            {
              "f": 1
            }
          ]
        }
      },
      "attrs": [
        {
          "fill": "rgb(255, 255, 255)"
        }
      ],
      "properties": {
        "order": 9,
        "id": 3,
        "name": "university",
        "prevSize": 32
      },
      "setIdx": 0,
      "setId": 14,
      "iconIdx": 5
    },
    {
      "icon": {
        "paths": [
          "M232 1024v-675.163h-210v675.163h210zM125.871 258.516c67.742 0 121.935-56.451 121.935-124.193 0-65.484-54.193-119.678-121.935-119.678-65.484 0-119.678 54.193-119.678 119.678 0 67.742 54.193 124.193 119.678 124.193zM1015.547 1024h2.259v-370.321c0-180.647-40.646-320.647-252.905-320.647-101.611 0-169.353 56.452-198.709 108.389h-2.256v-92.583h-200.968v675.163h209.999v-334.194c0-88.064 15.806-171.612 124.195-171.612 108.385 0 110.645 99.354 110.645 178.387v327.419h207.74z"
        ],
        "attrs": [
          {
            "fill": "rgb(255, 255, 255)"
          }
        ],
        "isMulticolor": false,
        "isMulticolor2": false,
        "grid": 0,
        "tags": [
          "linkedin"
        ],
        "colorPermutations": {
          "255255255140167691": [
            {
              "f": 1
            }
          ]
        }
      },
      "attrs": [
        {
          "fill": "rgb(255, 255, 255)"
        }
      ],
      "properties": {
        "order": 10,
        "id": 2,
        "name": "linkedin",
        "prevSize": 32
      },
      "setIdx": 0,
      "setId": 14,
      "iconIdx": 6
    },
    {
      "icon": {
        "paths": [
          "M1071.002 265.066c46.664-35 88.665-77 121.33-126-41.998 18.666-90.999 32.667-139.998 37.333 51.333-30.333 88.665-77 107.332-135.334-46.667 28-100.332 49-153.999 60.667-46.667-49-109.667-77-179.668-77-135.332 0-244.999 109.667-244.999 245 0 18.667 2.331 37.333 7.001 56-203.001-11.667-385.001-109.667-506.335-256.667-21 35-32.667 77-32.667 123.666 0 84 42 158.666 109.667 203.002-39.667-2.335-79.333-11.667-112-30.334v2.331c0 119.002 84 217.003 196 240.336-18.667 4.666-42 9.332-63 9.332-16.333 0-30.333-2.335-46.667-4.666 30.334 98 121.333 167.997 228.667 170.332-84 65.335-189 105.001-303.333 105.001-21 0-39.667-2.335-58.333-4.666 107.333 69.997 235.667 109.667 375.668 109.667 450.331 0 695.334-371.002 695.334-695.335 0-11.667 0-21 0-32.667z"
        ],
        "attrs": [
          {
            "fill": "rgb(255, 255, 255)"
          }
        ],
        "width": 1195,
        "isMulticolor": false,
        "isMulticolor2": false,
        "grid": 0,
        "tags": [
          "twitter"
        ],
        "colorPermutations": {
          "255255255140167691": [
            {
              "f": 1
            }
          ]
        }
      },
      "attrs": [
        {
          "fill": "rgb(255, 255, 255)"
        }
      ],
      "properties": {
        "order": 11,
        "id": 1,
        "name": "twitter",
        "prevSize": 32
      },
      "setIdx": 0,
      "setId": 14,
      "iconIdx": 7
    },
    {
      "icon": {
        "paths": [
          "M1397.259 186.593c-15.557-62.222-64.815-111.481-124.446-127.037-111.479-31.111-552.22-31.111-552.22-31.111s-443.333 0-554.815 31.111c-59.629 15.556-108.889 64.815-124.444 127.037-31.111 108.889-31.111 342.224-31.111 342.224s0 230.738 31.111 342.221c15.556 62.221 64.815 108.889 124.444 124.443 111.482 28.52 554.815 28.52 554.815 28.52s440.741 0 552.22-28.52c59.631-15.553 108.889-62.221 124.446-124.443 31.111-111.483 31.111-342.221 31.111-342.221s0-233.335-31.111-342.224zM575.408 738.816v-420.001l368.147 210.002-368.147 210z"
        ],
        "attrs": [
          {
            "fill": "rgb(255, 255, 255)"
          }
        ],
        "width": 1441,
        "isMulticolor": false,
        "isMulticolor2": false,
        "grid": 0,
        "tags": [
          "youtube"
        ],
        "colorPermutations": {
          "255255255140167691": [
            {
              "f": 1
            }
          ]
        }
      },
      "attrs": [
        {
          "fill": "rgb(255, 255, 255)"
        }
      ],
      "properties": {
        "order": 12,
        "id": 0,
        "name": "youtube",
        "prevSize": 32
      },
      "setIdx": 0,
      "setId": 14,
      "iconIdx": 8
    }
  ],
  "height": 1024,
  "preferences": {
    "showGlyphs": true,
    "showQuickUse": true,
    "showQuickUse2": true,
    "showSVGs": true,
    "fontPref": {
      "prefix": "icon-",
      "metadata": {
        "fontFamily": "icomoon"
      },
      "metrics": {
        "emSize": 1024,
        "baseline": 6.25,
        "whitespace": 50
      },
      "embed": false
    },
    "imagePref": {
      "prefix": "icon-",
      "png": true,
      "useClassSelector": true,
      "color": 0,
      "bgColor": 16777215,
      "classSelector": ".icon",
      "name": "icomoon"
    },
    "historySize": 50,
    "showCodes": true,
    "gridSize": 16
  }
}